init	2018-06-14 11:11:11
x2a00	2018-06-15 11:11:11
x2a4c	2018-07-07 11:11:11
x2aaf	2018-07-27 11:11:11
x2af8	2018-08-29 11:11:11
x2b81	2018-09-18 11:11:11
x2bcb	2018-10-14 11:11:11
x2c15	2018-11-13 11:11:11
x2c80	2018-12-18 11:11:11
x2ccb	2019-01-18 11:11:11
x2d17	2019-02-18 11:11:11
x2d6b	2019-03-14 11:11:11
x2dbf	2019-04-14 11:11:11
x2e0c	2019-05-14 11:11:11
x2e57	2019-06-09 11:11:11
x2eb4	2019-07-18 11:11:11
x2efd	2019-08-17 11:11:11
x3001	2019-12-26 11:11:11
x30da	2020-02-24 11:11:11
x312a	2020-03-24 11:11:11
x31a3	2020-04-21 11:11:11
x31ec	2020-05-27 11:11:11
x323b	2020-06-22 11:11:11
x3288	2020-07-23 11:11:11
x32e1	2020-08-23 11:11:11
x3333	2020-09-20 11:11:11
x338a	2020-10-03 11:11:11
x33d5	2020-10-28 11:11:11
x3436	2020-11-22 11:11:11
x3483	2020-12-18 11:11:11
x34d7	2021-01-20 11:11:11
